,precision,recall,f1-score,support
0.0,0.4745762711864407,0.5384615384615384,0.5045045045045046,52.0
1.0,0.4,0.3404255319148936,0.36781609195402304,47.0
accuracy,0.4444444444444444,0.4444444444444444,0.4444444444444444,0.4444444444444444
macro avg,0.43728813559322033,0.439443535188216,0.43616029822926383,99.0
weighted avg,0.4391713747645951,0.4444444444444444,0.43961202581892245,99.0
