,precision,recall,f1-score,support
0.0,0.5714285714285714,0.4827586206896552,0.5233644859813084,58.0
1.0,0.4,0.4878048780487805,0.43956043956043955,41.0
accuracy,0.48484848484848486,0.48484848484848486,0.48484848484848486,0.48484848484848486
macro avg,0.4857142857142857,0.48528174936921786,0.48146246277087396,99.0
weighted avg,0.5004329004329005,0.48484848484848486,0.488657759685797,99.0
