,precision,recall,f1-score,support
0.0,0.5192307692307693,0.5094339622641509,0.5142857142857143,53.0
1.0,0.44680851063829785,0.45652173913043476,0.45161290322580644,46.0
accuracy,0.48484848484848486,0.48484848484848486,0.48484848484848486,0.48484848484848486
macro avg,0.48301963993453356,0.4829778506972928,0.48294930875576036,99.0
weighted avg,0.4855800228140653,0.48484848484848486,0.48516501419727226,99.0
